date,year,month,basin,station,stage,state,catch,effort,cpue
1991-06-20,1991,6,south,135,large,south_large,28,10,2.8
1991-06-20,1991,6,south,135,small,south_small,66,10,6.6
1991-06-20,1991,6,north,124,large,north_large,186,10,18.6
1991-06-20,1991,6,north,124,small,north_small,1145,10,114.5
1991-06-20,1991,6,north,128,large,north_large,203,10,20.3
1991-06-20,1991,6,north,128,small,north_small,329,10,32.9
1991-06-20,1991,6,north,DN,large,north_large,276,10,27.6
1991-06-20,1991,6,north,DN,small,north_small,716,10,71.6
1991-06-20,1991,6,south,23,large,south_large,3,10,0.3
1991-06-20,1991,6,south,23,small,south_small,19,10,1.9
1991-06-20,1991,6,south,27,large,south_large,11,10,1.1
1991-06-20,1991,6,south,27,small,south_small,131,10,13.1
1991-06-20,1991,6,south,41,large,south_large,7,10,0.7
1991-06-20,1991,6,south,41,small,south_small,47,10,4.7
1991-06-20,1991,6,south,44,large,south_large,6,10,0.6
1991-06-20,1991,6,south,44,small,south_small,96,10,9.6
1991-08-20,1991,8,south,135,large,south_large,206,10,20.6
1991-08-20,1991,8,south,135,small,south_small,475,10,47.5
1991-08-20,1991,8,north,124,large,north_large,962,10,96.2
1991-08-20,1991,8,north,124,small,north_small,2084,10,208.4
1991-08-20,1991,8,north,128,large,north_large,127,10,12.7
1991-08-20,1991,8,north,128,small,north_small,189,10,18.9
1991-08-20,1991,8,north,DN,large,north_large,80,10,8
1991-08-20,1991,8,north,DN,small,north_small,302,10,30.2
1991-08-20,1991,8,south,23,large,south_large,77,10,7.7
1991-08-20,1991,8,south,23,small,south_small,174,10,17.4
1991-08-20,1991,8,south,27,large,south_large,79,10,7.9
1991-08-20,1991,8,south,27,small,south_small,410,10,41
1991-08-20,1991,8,south,41,large,south_large,1,10,0.1
1991-08-20,1991,8,south,41,small,south_small,66,10,6.6
1991-08-20,1991,8,south,44,large,south_large,117,10,11.7
1991-08-20,1991,8,south,44,small,south_small,142,10,14.2
1992-06-20,1992,6,south,135,large,south_large,211,10,21.1
1992-06-20,1992,6,south,135,small,south_small,1784,10,178.4
1992-06-20,1992,6,north,124,large,north_large,499,10,49.9
1992-06-20,1992,6,north,124,small,north_small,1812,10,181.2
1992-06-20,1992,6,north,128,large,north_large,185,5,37
1992-06-20,1992,6,north,128,small,north_small,314,5,62.8
1992-06-20,1992,6,north,DN,large,north_large,544,10,54.4
1992-06-20,1992,6,north,DN,small,north_small,983,10,98.3
1992-06-20,1992,6,south,23,large,south_large,177,10,17.7
1992-06-20,1992,6,south,23,small,south_small,2175,10,217.5
1992-06-20,1992,6,south,27,large,south_large,85,10,8.5
1992-06-20,1992,6,south,27,small,south_small,966,10,96.6
1992-06-20,1992,6,south,41,large,south_large,373,10,37.3
1992-06-20,1992,6,south,41,small,south_small,2319,10,231.9
1992-06-20,1992,6,south,44,large,south_large,133,5,26.6
1992-06-20,1992,6,south,44,small,south_small,2544,10,254.4
1992-08-20,1992,8,south,135,large,south_large,251,10,25.1
1992-08-20,1992,8,south,135,small,south_small,138,10,13.8
1992-08-20,1992,8,north,124,large,north_large,238,10,23.8
1992-08-20,1992,8,north,124,small,north_small,864,10,86.4
1992-08-20,1992,8,north,128,large,north_large,61,10,6.1
1992-08-20,1992,8,north,128,small,north_small,63,10,6.3
1992-08-20,1992,8,north,DN,large,north_large,55,10,5.5
1992-08-20,1992,8,north,DN,small,north_small,290,10,29
1992-08-20,1992,8,south,23,large,south_large,3,10,0.3
1992-08-20,1992,8,south,23,small,south_small,4,10,0.4
1992-08-20,1992,8,south,27,large,south_large,1,10,0.1
1992-08-20,1992,8,south,27,small,south_small,0,10,0
1992-08-20,1992,8,south,41,large,south_large,4,10,0.4
1992-08-20,1992,8,south,41,small,south_small,2,10,0.2
1992-08-20,1992,8,south,44,large,south_large,0,10,0
1992-08-20,1992,8,south,44,small,south_small,6,10,0.6
1993-06-20,1993,6,south,135,large,south_large,148,10,14.8
1993-06-20,1993,6,south,135,small,south_small,52,10,5.2
1993-06-20,1993,6,north,124,large,north_large,569,10,56.9
1993-06-20,1993,6,north,124,small,north_small,241,10,24.1
1993-06-20,1993,6,north,128,large,north_large,408,10,40.8
1993-06-20,1993,6,north,128,small,north_small,62,10,6.2
1993-06-20,1993,6,north,DN,large,north_large,271,10,27.1
1993-06-20,1993,6,north,DN,small,north_small,90,10,9
1993-06-20,1993,6,south,23,large,south_large,145,10,14.5
1993-06-20,1993,6,south,23,small,south_small,26,10,2.6
1993-06-20,1993,6,south,27,large,south_large,3,10,0.3
1993-06-20,1993,6,south,27,small,south_small,0,10,0
1993-06-20,1993,6,south,41,large,south_large,25,10,2.5
1993-06-20,1993,6,south,41,small,south_small,4,10,0.4
1993-06-20,1993,6,south,44,large,south_large,72,10,7.2
1993-06-20,1993,6,south,44,small,south_small,11,10,1.1
1993-08-20,1993,8,south,135,large,south_large,7,10,0.7
1993-08-20,1993,8,south,135,small,south_small,11,10,1.1
1993-08-20,1993,8,north,124,large,north_large,953,10,95.3
1993-08-20,1993,8,north,124,small,north_small,122,10,12.2
1993-08-20,1993,8,north,128,large,north_large,20,10,2
1993-08-20,1993,8,north,128,small,north_small,82,10,8.2
1993-08-20,1993,8,north,DN,large,north_large,18,10,1.8
1993-08-20,1993,8,north,DN,small,north_small,43,10,4.3
1993-08-20,1993,8,south,23,large,south_large,1,10,0.1
1993-08-20,1993,8,south,23,small,south_small,0,10,0
1993-08-20,1993,8,south,27,large,south_large,39,10,3.9
1993-08-20,1993,8,south,27,small,south_small,5,10,0.5
1993-08-20,1993,8,south,41,large,south_large,2,10,0.2
1993-08-20,1993,8,south,41,small,south_small,1,10,0.1
1993-08-20,1993,8,south,44,large,south_large,2,10,0.2
1993-08-20,1993,8,south,44,small,south_small,1,10,0.1
1994-06-20,1994,6,south,135,large,south_large,16,10,1.6
1994-06-20,1994,6,south,135,small,south_small,676,10,67.6
1994-06-20,1994,6,north,124,large,north_large,12,10,1.2
1994-06-20,1994,6,north,124,small,north_small,92,10,9.2
1994-06-20,1994,6,north,128,large,north_large,33,10,3.3
1994-06-20,1994,6,north,128,small,north_small,266,10,26.6
1994-06-20,1994,6,north,DN,large,north_large,49,10,4.9
1994-06-20,1994,6,north,DN,small,north_small,304,10,30.4
1994-06-20,1994,6,south,23,large,south_large,0,10,0
1994-06-20,1994,6,south,23,small,south_small,1,10,0.1
1994-06-20,1994,6,south,27,large,south_large,1,10,0.1
1994-06-20,1994,6,south,27,small,south_small,0,10,0
1994-06-20,1994,6,south,41,large,south_large,0,10,0
1994-06-20,1994,6,south,41,small,south_small,7,10,0.7
1994-06-20,1994,6,south,44,large,south_large,0,10,0
1994-06-20,1994,6,south,44,small,south_small,1,10,0.1
1994-08-20,1994,8,south,135,large,south_large,6,10,0.6
1994-08-20,1994,8,south,135,small,south_small,24,10,2.4
1994-08-20,1994,8,north,124,large,north_large,156,10,15.6
1994-08-20,1994,8,north,124,small,north_small,618,10,61.8
1994-08-20,1994,8,north,128,large,north_large,23,10,2.3
1994-08-20,1994,8,north,128,small,north_small,125,10,12.5
1994-08-20,1994,8,north,DN,large,north_large,69,10,6.9
1994-08-20,1994,8,north,DN,small,north_small,240,10,24
1994-08-20,1994,8,south,23,large,south_large,390,10,39
1994-08-20,1994,8,south,23,small,south_small,156,10,15.6
1994-08-20,1994,8,south,27,large,south_large,55,10,5.5
1994-08-20,1994,8,south,27,small,south_small,61,10,6.1
1994-08-20,1994,8,south,41,large,south_large,0,10,0
1994-08-20,1994,8,south,41,small,south_small,3,10,0.3
1994-08-20,1994,8,south,44,large,south_large,339,10,33.9
1994-08-20,1994,8,south,44,small,south_small,149,10,14.9
1995-06-20,1995,6,south,135,large,south_large,86,10,8.6
1995-06-20,1995,6,south,135,small,south_small,137,10,13.7
1995-06-20,1995,6,north,124,large,north_large,27,10,2.7
1995-06-20,1995,6,north,124,small,north_small,307,10,30.7
1995-06-20,1995,6,north,128,large,north_large,60,10,6
1995-06-20,1995,6,north,128,small,north_small,939,10,93.9
1995-06-20,1995,6,north,DN,large,north_large,67,10,6.7
1995-06-20,1995,6,north,DN,small,north_small,368,10,36.8
1995-06-20,1995,6,south,23,large,south_large,41,10,4.1
1995-06-20,1995,6,south,23,small,south_small,91,10,9.1
1995-06-20,1995,6,south,27,large,south_large,140,10,14
1995-06-20,1995,6,south,27,small,south_small,1214,10,121.4
1995-06-20,1995,6,south,41,large,south_large,100,10,10
1995-06-20,1995,6,south,41,small,south_small,660,10,66
1995-06-20,1995,6,south,44,large,south_large,45,10,4.5
1995-06-20,1995,6,south,44,small,south_small,300,10,30
1995-08-20,1995,8,south,135,large,south_large,62,10,6.2
1995-08-20,1995,8,south,135,small,south_small,59,10,5.9
1995-08-20,1995,8,north,124,large,north_large,319,10,31.9
1995-08-20,1995,8,north,124,small,north_small,501,10,50.1
1995-08-20,1995,8,north,128,large,north_large,36,10,3.6
1995-08-20,1995,8,north,128,small,north_small,134,10,13.4
1995-08-20,1995,8,north,DN,large,north_large,3,10,0.3
1995-08-20,1995,8,north,DN,small,north_small,58,10,5.8
1995-08-20,1995,8,south,23,large,south_large,57,10,5.7
1995-08-20,1995,8,south,23,small,south_small,3,10,0.3
1995-08-20,1995,8,south,27,large,south_large,4,10,0.4
1995-08-20,1995,8,south,27,small,south_small,1,10,0.1
1995-08-20,1995,8,south,41,large,south_large,1,10,0.1
1995-08-20,1995,8,south,41,small,south_small,2,10,0.2
1995-08-20,1995,8,south,44,large,south_large,18,10,1.8
1995-08-20,1995,8,south,44,small,south_small,4,10,0.4
1996-06-20,1996,6,south,135,large,south_large,407,10,40.7
1996-06-20,1996,6,south,135,small,south_small,153,10,15.3
1996-06-20,1996,6,north,124,large,north_large,629,10,62.9
1996-06-20,1996,6,north,124,small,north_small,301,10,30.1
1996-06-20,1996,6,north,128,large,north_large,203,5,40.6
1996-06-20,1996,6,north,128,small,north_small,38,5,7.6
1996-06-20,1996,6,north,DN,large,north_large,347,10,34.7
1996-06-20,1996,6,north,DN,small,north_small,140,10,14
1996-06-20,1996,6,south,23,large,south_large,100,10,10
1996-06-20,1996,6,south,23,small,south_small,41,10,4.1
1996-06-20,1996,6,south,27,large,south_large,384,5,76.8
1996-06-20,1996,6,south,27,small,south_small,35,5,7
1996-06-20,1996,6,south,41,large,south_large,42,8,5.25
1996-06-20,1996,6,south,41,small,south_small,14,8,1.75
1996-06-20,1996,6,south,44,large,south_large,55,10,5.5
1996-06-20,1996,6,south,44,small,south_small,4,10,0.4
1996-08-20,1996,8,south,135,large,south_large,97,10,9.7
1996-08-20,1996,8,south,135,small,south_small,592,10,59.2
1996-08-20,1996,8,north,124,large,north_large,1024,10,102.4
1996-08-20,1996,8,north,124,small,north_small,918,10,91.8
1996-08-20,1996,8,north,128,large,north_large,453,10,45.3
1996-08-20,1996,8,north,128,small,north_small,662,10,66.2
1996-08-20,1996,8,north,DN,large,north_large,353,10,35.3
1996-08-20,1996,8,north,DN,small,north_small,1523,10,152.3
1996-08-20,1996,8,south,23,large,south_large,23,10,2.3
1996-08-20,1996,8,south,23,small,south_small,18,10,1.8
1996-08-20,1996,8,south,27,large,south_large,340,10,34
1996-08-20,1996,8,south,27,small,south_small,226,10,22.6
1996-08-20,1996,8,south,41,large,south_large,58,10,5.8
1996-08-20,1996,8,south,41,small,south_small,10,10,1
1996-08-20,1996,8,south,44,large,south_large,421,10,42.1
1996-08-20,1996,8,south,44,small,south_small,240,10,24
1997-06-20,1997,6,south,135,large,south_large,722,10,72.2
1997-06-20,1997,6,south,135,small,south_small,62,10,6.2
1997-06-20,1997,6,north,124,large,north_large,519,10,51.9
1997-06-20,1997,6,north,124,small,north_small,607,10,60.7
1997-06-20,1997,6,north,128,large,north_large,778,10,77.8
1997-06-20,1997,6,north,128,small,north_small,564,10,56.4
1997-06-20,1997,6,north,DN,large,north_large,973,10,97.3
1997-06-20,1997,6,north,DN,small,north_small,34,10,3.4
1997-06-20,1997,6,south,23,large,south_large,540,10,54
1997-06-20,1997,6,south,23,small,south_small,149,10,14.9
1997-06-20,1997,6,south,27,large,south_large,835,10,83.5
1997-06-20,1997,6,south,27,small,south_small,97,10,9.7
1997-06-20,1997,6,south,41,large,south_large,604,10,60.4
1997-06-20,1997,6,south,41,small,south_small,99,10,9.9
1997-06-20,1997,6,south,44,large,south_large,496,10,49.6
1997-06-20,1997,6,south,44,small,south_small,121,10,12.1
1997-08-20,1997,8,south,135,large,south_large,965,10,96.5
1997-08-20,1997,8,south,135,small,south_small,177,10,17.7
1997-08-20,1997,8,north,124,large,north_large,746,10,74.6
1997-08-20,1997,8,north,124,small,north_small,1164,10,116.4
1997-08-20,1997,8,north,128,large,north_large,634,10,63.4
1997-08-20,1997,8,north,128,small,north_small,603,10,60.3
1997-08-20,1997,8,north,DN,large,north_large,263,10,26.3
1997-08-20,1997,8,north,DN,small,north_small,258,10,25.8
1997-08-20,1997,8,south,23,large,south_large,617,10,61.7
1997-08-20,1997,8,south,23,small,south_small,545,10,54.5
1997-08-20,1997,8,south,27,large,south_large,734,10,73.4
1997-08-20,1997,8,south,27,small,south_small,306,10,30.6
1997-08-20,1997,8,south,41,large,south_large,655,10,65.5
1997-08-20,1997,8,south,41,small,south_small,464,10,46.4
1997-08-20,1997,8,south,44,large,south_large,746,10,74.6
1997-08-20,1997,8,south,44,small,south_small,317,10,31.7
1998-06-20,1998,6,south,135,large,south_large,340,10,34
1998-06-20,1998,6,south,135,small,south_small,50,10,5
1998-06-20,1998,6,north,124,large,north_large,458,10,45.8
1998-06-20,1998,6,north,124,small,north_small,411,10,41.1
1998-06-20,1998,6,north,128,large,north_large,398,10,39.8
1998-06-20,1998,6,north,128,small,north_small,94,10,9.4
1998-06-20,1998,6,north,DN,large,north_large,48,10,4.8
1998-06-20,1998,6,north,DN,small,north_small,8,10,0.8
1998-06-20,1998,6,south,23,large,south_large,332,10,33.2
1998-06-20,1998,6,south,23,small,south_small,365,10,36.5
1998-06-20,1998,6,south,27,large,south_large,333,10,33.3
1998-06-20,1998,6,south,27,small,south_small,157,10,15.7
1998-06-20,1998,6,south,41,large,south_large,198,10,19.8
1998-06-20,1998,6,south,41,small,south_small,64,10,6.4
1998-06-20,1998,6,south,44,large,south_large,419,10,41.9
1998-06-20,1998,6,south,44,small,south_small,195,10,19.5
1998-08-20,1998,8,south,135,large,south_large,426,5,85.2
1998-08-20,1998,8,south,135,small,south_small,17,5,3.4
1998-08-20,1998,8,north,124,large,north_large,393,10,39.3
1998-08-20,1998,8,north,124,small,north_small,82,10,8.2
1998-08-20,1998,8,north,128,large,north_large,236,10,23.6
1998-08-20,1998,8,north,128,small,north_small,242,10,24.2
1998-08-20,1998,8,north,DN,large,north_large,157,5,31.4
1998-08-20,1998,8,north,DN,small,north_small,196,5,39.2
1998-08-20,1998,8,south,23,large,south_large,13,10,1.3
1998-08-20,1998,8,south,23,small,south_small,10,10,1
1998-08-20,1998,8,south,27,large,south_large,0,10,0
1998-08-20,1998,8,south,27,small,south_small,16,10,1.6
1998-08-20,1998,8,south,41,large,south_large,14,10,1.4
1998-08-20,1998,8,south,41,small,south_small,11,10,1.1
1998-08-20,1998,8,south,44,large,south_large,6,10,0.6
1998-08-20,1998,8,south,44,small,south_small,64,10,6.4
1999-06-20,1999,6,south,135,large,south_large,44,10,4.4
1999-06-20,1999,6,south,135,small,south_small,38,10,3.8
1999-06-20,1999,6,north,124,large,north_large,193,10,19.3
1999-06-20,1999,6,north,124,small,north_small,345,10,34.5
1999-06-20,1999,6,north,128,large,north_large,194,10,19.4
1999-06-20,1999,6,north,128,small,north_small,634,10,63.4
1999-06-20,1999,6,north,DN,large,north_large,514,10,51.4
1999-06-20,1999,6,north,DN,small,north_small,274,10,27.4
1999-06-20,1999,6,south,23,large,south_large,64,10,6.4
1999-06-20,1999,6,south,23,small,south_small,219,10,21.9
1999-06-20,1999,6,south,27,large,south_large,45,10,4.5
1999-06-20,1999,6,south,27,small,south_small,29,10,2.9
1999-06-20,1999,6,south,41,large,south_large,52,10,5.2
1999-06-20,1999,6,south,41,small,south_small,102,10,10.2
1999-06-20,1999,6,south,44,large,south_large,45,10,4.5
1999-06-20,1999,6,south,44,small,south_small,39,10,3.9
1999-08-20,1999,8,south,135,large,south_large,3,10,0.3
1999-08-20,1999,8,south,135,small,south_small,9,10,0.9
1999-08-20,1999,8,north,124,large,north_large,9,10,0.9
1999-08-20,1999,8,north,124,small,north_small,15,10,1.5
1999-08-20,1999,8,north,128,large,north_large,77,10,7.7
1999-08-20,1999,8,north,128,small,north_small,291,10,29.1
1999-08-20,1999,8,north,DN,large,north_large,133,10,13.3
1999-08-20,1999,8,north,DN,small,north_small,217,10,21.7
1999-08-20,1999,8,south,23,large,south_large,6,10,0.6
1999-08-20,1999,8,south,23,small,south_small,34,10,3.4
1999-08-20,1999,8,south,27,large,south_large,25,10,2.5
1999-08-20,1999,8,south,27,small,south_small,87,10,8.7
1999-08-20,1999,8,south,41,large,south_large,11,10,1.1
1999-08-20,1999,8,south,41,small,south_small,88,10,8.8
1999-08-20,1999,8,south,44,large,south_large,10,10,1
1999-08-20,1999,8,south,44,small,south_small,67,10,6.7
2000-06-20,2000,6,south,135,large,south_large,15,10,1.5
2000-06-20,2000,6,south,135,small,south_small,56,10,5.6
2000-06-20,2000,6,north,124,large,north_large,9,10,0.9
2000-06-20,2000,6,north,124,small,north_small,49,10,4.9
2000-06-20,2000,6,north,128,large,north_large,32,10,3.2
2000-06-20,2000,6,north,128,small,north_small,282,10,28.2
2000-06-20,2000,6,north,DN,large,north_large,54,10,5.4
2000-06-20,2000,6,north,DN,small,north_small,231,10,23.1
2000-06-20,2000,6,south,23,large,south_large,1,10,0.1
2000-06-20,2000,6,south,23,small,south_small,54,10,5.4
2000-06-20,2000,6,south,27,large,south_large,0,10,0
2000-06-20,2000,6,south,27,small,south_small,6,10,0.6
2000-06-20,2000,6,south,41,large,south_large,2,10,0.2
2000-06-20,2000,6,south,41,small,south_small,49,10,4.9
2000-06-20,2000,6,south,44,large,south_large,6,10,0.6
2000-06-20,2000,6,south,44,small,south_small,59,10,5.9
2000-08-20,2000,8,south,135,large,south_large,374,10,37.4
2000-08-20,2000,8,south,135,small,south_small,474,10,47.4
2000-08-20,2000,8,north,124,large,north_large,509,10,50.9
2000-08-20,2000,8,north,124,small,north_small,518,10,51.8
2000-08-20,2000,8,north,128,large,north_large,232,10,23.2
2000-08-20,2000,8,north,128,small,north_small,613,10,61.3
2000-08-20,2000,8,north,DN,large,north_large,190,10,19
2000-08-20,2000,8,north,DN,small,north_small,780,10,78
2000-08-20,2000,8,south,23,large,south_large,6,10,0.6
2000-08-20,2000,8,south,23,small,south_small,9,10,0.9
2000-08-20,2000,8,south,27,large,south_large,14,10,1.4
2000-08-20,2000,8,south,27,small,south_small,65,10,6.5
2000-08-20,2000,8,south,41,large,south_large,11,10,1.1
2000-08-20,2000,8,south,41,small,south_small,18,10,1.8
2000-08-20,2000,8,south,44,large,south_large,10,10,1
2000-08-20,2000,8,south,44,small,south_small,34,10,3.4
2001-06-20,2001,6,south,135,large,south_large,7,10,0.7
2001-06-20,2001,6,south,135,small,south_small,76,10,7.6
2001-06-20,2001,6,north,124,large,north_large,385,10,38.5
2001-06-20,2001,6,north,124,small,north_small,1125,10,112.5
2001-06-20,2001,6,north,128,large,north_large,611,10,61.1
2001-06-20,2001,6,north,128,small,north_small,1128,10,112.8
2001-06-20,2001,6,north,DN,large,north_large,202,10,20.2
2001-06-20,2001,6,north,DN,small,north_small,378,10,37.8
2001-06-20,2001,6,south,23,large,south_large,1,10,0.1
2001-06-20,2001,6,south,23,small,south_small,15,10,1.5
2001-06-20,2001,6,south,27,large,south_large,3,10,0.3
2001-06-20,2001,6,south,27,small,south_small,17,10,1.7
2001-06-20,2001,6,south,41,large,south_large,0,10,0
2001-06-20,2001,6,south,41,small,south_small,2,10,0.2
2001-06-20,2001,6,south,44,large,south_large,10,10,1
2001-06-20,2001,6,south,44,small,south_small,32,10,3.2
2001-08-20,2001,8,south,135,large,south_large,530,10,53
2001-08-20,2001,8,south,135,small,south_small,363,10,36.3
2001-08-20,2001,8,north,124,large,north_large,318,10,31.8
2001-08-20,2001,8,north,124,small,north_small,403,10,40.3
2001-08-20,2001,8,north,128,large,north_large,733,10,73.3
2001-08-20,2001,8,north,128,small,north_small,915,10,91.5
2001-08-20,2001,8,north,DN,large,north_large,265,10,26.5
2001-08-20,2001,8,north,DN,small,north_small,306,10,30.6
2001-08-20,2001,8,south,23,large,south_large,0,10,0
2001-08-20,2001,8,south,23,small,south_small,4,10,0.4
2001-08-20,2001,8,south,27,large,south_large,7,10,0.7
2001-08-20,2001,8,south,27,small,south_small,8,10,0.8
2001-08-20,2001,8,south,41,large,south_large,4,10,0.4
2001-08-20,2001,8,south,41,small,south_small,26,10,2.6
2001-08-20,2001,8,south,44,large,south_large,0,10,0
2001-08-20,2001,8,south,44,small,south_small,19,10,1.9
2002-06-20,2002,6,south,135,large,south_large,406,10,40.6
2002-06-20,2002,6,south,135,small,south_small,347,10,34.7
2002-06-20,2002,6,north,124,large,north_large,646,10,64.6
2002-06-20,2002,6,north,124,small,north_small,1385,10,138.5
2002-06-20,2002,6,north,128,large,north_large,846,10,84.6
2002-06-20,2002,6,north,128,small,north_small,453,10,45.3
2002-06-20,2002,6,north,DN,large,north_large,419,10,41.9
2002-06-20,2002,6,north,DN,small,north_small,113,10,11.3
2002-06-20,2002,6,south,23,large,south_large,3,10,0.3
2002-06-20,2002,6,south,23,small,south_small,9,10,0.9
2002-06-20,2002,6,south,27,large,south_large,35,10,3.5
2002-06-20,2002,6,south,27,small,south_small,112,10,11.2
2002-06-20,2002,6,south,41,large,south_large,10,10,1
2002-06-20,2002,6,south,41,small,south_small,65,10,6.5
2002-06-20,2002,6,south,44,large,south_large,12,10,1.2
2002-06-20,2002,6,south,44,small,south_small,45,10,4.5
2002-08-20,2002,8,south,135,large,south_large,63,10,6.3
2002-08-20,2002,8,south,135,small,south_small,333,10,33.3
2002-08-20,2002,8,north,124,large,north_large,1954,10,195.4
2002-08-20,2002,8,north,124,small,north_small,915,10,91.5
2002-08-20,2002,8,north,128,large,north_large,162,10,16.2
2002-08-20,2002,8,north,128,small,north_small,711,10,71.1
2002-08-20,2002,8,north,DN,large,north_large,1323,10,132.3
2002-08-20,2002,8,north,DN,small,north_small,1848,10,184.8
2002-08-20,2002,8,south,23,large,south_large,12,10,1.2
2002-08-20,2002,8,south,23,small,south_small,7,10,0.7
2002-08-20,2002,8,south,27,large,south_large,2,10,0.2
2002-08-20,2002,8,south,27,small,south_small,0,10,0
2002-08-20,2002,8,south,41,large,south_large,219,10,21.9
2002-08-20,2002,8,south,41,small,south_small,78,10,7.8
2002-08-20,2002,8,south,44,large,south_large,2,10,0.2
2002-08-20,2002,8,south,44,small,south_small,55,10,5.5
2003-06-20,2003,6,south,135,large,south_large,742,10,74.2
2003-06-20,2003,6,south,135,small,south_small,124,10,12.4
2003-06-20,2003,6,north,124,large,north_large,1528,10,152.8
2003-06-20,2003,6,north,124,small,north_small,1113,10,111.3
2003-06-20,2003,6,north,128,large,north_large,2098,10,209.8
2003-06-20,2003,6,north,128,small,north_small,317,10,31.7
2003-06-20,2003,6,north,DN,large,north_large,1393,10,139.3
2003-06-20,2003,6,north,DN,small,north_small,125,10,12.5
2003-06-20,2003,6,south,23,large,south_large,1749,10,174.9
2003-06-20,2003,6,south,23,small,south_small,87,10,8.7
2003-06-20,2003,6,south,27,large,south_large,1569,10,156.9
2003-06-20,2003,6,south,27,small,south_small,60,10,6
2003-06-20,2003,6,south,41,large,south_large,550,10,55
2003-06-20,2003,6,south,41,small,south_small,38,10,3.8
2003-06-20,2003,6,south,44,large,south_large,322,10,32.2
2003-06-20,2003,6,south,44,small,south_small,22,10,2.2
2003-08-20,2003,8,south,135,large,south_large,2135,10,213.5
2003-08-20,2003,8,south,135,small,south_small,75,10,7.5
2003-08-20,2003,8,north,124,large,north_large,2368,10,236.8
2003-08-20,2003,8,north,124,small,north_small,140,10,14
2003-08-20,2003,8,north,128,large,north_large,902,10,90.2
2003-08-20,2003,8,north,128,small,north_small,300,10,30
2003-08-20,2003,8,north,DN,large,north_large,1669,10,166.9
2003-08-20,2003,8,north,DN,small,north_small,485,10,48.5
2003-08-20,2003,8,south,23,large,south_large,805,10,80.5
2003-08-20,2003,8,south,23,small,south_small,82,10,8.2
2003-08-20,2003,8,south,27,large,south_large,2620,10,262
2003-08-20,2003,8,south,27,small,south_small,253,10,25.3
2003-08-20,2003,8,south,41,large,south_large,381,10,38.1
2003-08-20,2003,8,south,41,small,south_small,48,10,4.8
2003-08-20,2003,8,south,44,large,south_large,994,10,99.4
2003-08-20,2003,8,south,44,small,south_small,108,10,10.8
2004-06-20,2004,6,south,135,large,south_large,553,10,55.3
2004-06-20,2004,6,south,135,small,south_small,37,10,3.7
2004-06-20,2004,6,north,124,large,north_large,587,10,58.7
2004-06-20,2004,6,north,124,small,north_small,423,10,42.3
2004-06-20,2004,6,north,128,large,north_large,1670,10,167
2004-06-20,2004,6,north,128,small,north_small,323,10,32.3
2004-06-20,2004,6,north,DN,large,north_large,1058,10,105.8
2004-06-20,2004,6,north,DN,small,north_small,123,10,12.3
2004-06-20,2004,6,south,23,large,south_large,538,10,53.8
2004-06-20,2004,6,south,23,small,south_small,46,10,4.6
2004-06-20,2004,6,south,27,large,south_large,220,10,22
2004-06-20,2004,6,south,27,small,south_small,8,10,0.8
2004-06-20,2004,6,south,41,large,south_large,173,10,17.3
2004-06-20,2004,6,south,41,small,south_small,31,10,3.1
2004-06-20,2004,6,south,44,large,south_large,794,10,79.4
2004-06-20,2004,6,south,44,small,south_small,70,10,7
2004-08-20,2004,8,south,135,large,south_large,636,10,63.6
2004-08-20,2004,8,south,135,small,south_small,157,10,15.7
2004-08-20,2004,8,north,124,large,north_large,2484,10,248.4
2004-08-20,2004,8,north,124,small,north_small,603,10,60.3
2004-08-20,2004,8,north,128,large,north_large,744,10,74.4
2004-08-20,2004,8,north,128,small,north_small,126,10,12.6
2004-08-20,2004,8,north,DN,large,north_large,504,10,50.4
2004-08-20,2004,8,north,DN,small,north_small,242,10,24.2
2004-08-20,2004,8,south,23,large,south_large,21,10,2.1
2004-08-20,2004,8,south,23,small,south_small,70,10,7
2004-08-20,2004,8,south,27,large,south_large,53,10,5.3
2004-08-20,2004,8,south,27,small,south_small,1336,10,133.6
2004-08-20,2004,8,south,41,large,south_large,31,10,3.1
2004-08-20,2004,8,south,41,small,south_small,32,10,3.2
2004-08-20,2004,8,south,44,large,south_large,46,10,4.6
2004-08-20,2004,8,south,44,small,south_small,144,10,14.4
2005-06-20,2005,6,south,135,large,south_large,133,10,13.3
2005-06-20,2005,6,south,135,small,south_small,115,10,11.5
2005-06-20,2005,6,north,124,large,north_large,343,10,34.3
2005-06-20,2005,6,north,124,small,north_small,208,10,20.8
2005-06-20,2005,6,north,128,large,north_large,1210,10,121
2005-06-20,2005,6,north,128,small,north_small,97,10,9.7
2005-06-20,2005,6,north,DN,large,north_large,436,10,43.6
2005-06-20,2005,6,north,DN,small,north_small,49,10,4.9
2005-06-20,2005,6,south,23,large,south_large,728,10,72.8
2005-06-20,2005,6,south,23,small,south_small,123,10,12.3
2005-06-20,2005,6,south,27,large,south_large,233,10,23.3
2005-06-20,2005,6,south,27,small,south_small,17,10,1.7
2005-06-20,2005,6,south,41,large,south_large,33,10,3.3
2005-06-20,2005,6,south,41,small,south_small,55,10,5.5
2005-06-20,2005,6,south,44,large,south_large,128,10,12.8
2005-06-20,2005,6,south,44,small,south_small,36,10,3.6
2005-08-20,2005,8,south,135,large,south_large,375,10,37.5
2005-08-20,2005,8,south,135,small,south_small,478,10,47.8
2005-08-20,2005,8,north,124,large,north_large,26,10,2.6
2005-08-20,2005,8,north,124,small,north_small,29,10,2.9
2005-08-20,2005,8,north,128,large,north_large,167,10,16.7
2005-08-20,2005,8,north,128,small,north_small,293,10,29.3
2005-08-20,2005,8,north,DN,large,north_large,215,10,21.5
2005-08-20,2005,8,north,DN,small,north_small,333,10,33.3
2005-08-20,2005,8,south,23,large,south_large,3,10,0.3
2005-08-20,2005,8,south,23,small,south_small,96,10,9.6
2005-08-20,2005,8,south,27,large,south_large,4,10,0.4
2005-08-20,2005,8,south,27,small,south_small,214,10,21.4
2005-08-20,2005,8,south,41,large,south_large,29,10,2.9
2005-08-20,2005,8,south,41,small,south_small,18,10,1.8
2005-08-20,2005,8,south,44,large,south_large,44,10,4.4
2005-08-20,2005,8,south,44,small,south_small,421,10,42.1
2006-06-20,2006,6,south,135,large,south_large,39,10,3.9
2006-06-20,2006,6,south,135,small,south_small,47,10,4.7
2006-06-20,2006,6,north,124,large,north_large,502,10,50.2
2006-06-20,2006,6,north,124,small,north_small,395,10,39.5
2006-06-20,2006,6,north,128,large,north_large,277,10,27.7
2006-06-20,2006,6,north,128,small,north_small,419,10,41.9
2006-06-20,2006,6,north,DN,large,north_large,77,10,7.7
2006-06-20,2006,6,north,DN,small,north_small,167,10,16.7
2006-06-20,2006,6,south,23,large,south_large,12,10,1.2
2006-06-20,2006,6,south,23,small,south_small,64,10,6.4
2006-06-20,2006,6,south,27,large,south_large,3,10,0.3
2006-06-20,2006,6,south,27,small,south_small,5,10,0.5
2006-06-20,2006,6,south,41,large,south_large,40,10,4
2006-06-20,2006,6,south,41,small,south_small,80,10,8
2006-06-20,2006,6,south,44,large,south_large,95,10,9.5
2006-06-20,2006,6,south,44,small,south_small,143,10,14.3
2006-08-20,2006,8,south,135,large,south_large,27,10,2.7
2006-08-20,2006,8,south,135,small,south_small,73,10,7.3
2006-08-20,2006,8,north,124,large,north_large,20,10,2
2006-08-20,2006,8,north,124,small,north_small,29,10,2.9
2006-08-20,2006,8,north,128,large,north_large,115,10,11.5
2006-08-20,2006,8,north,128,small,north_small,702,10,70.2
2006-08-20,2006,8,north,DN,large,north_large,284,10,28.4
2006-08-20,2006,8,north,DN,small,north_small,1427,10,142.7
2006-08-20,2006,8,south,23,large,south_large,0,10,0
2006-08-20,2006,8,south,23,small,south_small,9,10,0.9
2006-08-20,2006,8,south,27,large,south_large,4,10,0.4
2006-08-20,2006,8,south,27,small,south_small,5,10,0.5
2006-08-20,2006,8,south,41,large,south_large,2,10,0.2
2006-08-20,2006,8,south,41,small,south_small,1,10,0.1
2006-08-20,2006,8,south,44,large,south_large,6,10,0.6
2006-08-20,2006,8,south,44,small,south_small,18,10,1.8
2007-06-20,2007,6,south,135,large,south_large,54,10,5.4
2007-06-20,2007,6,south,135,small,south_small,51,10,5.1
2007-06-20,2007,6,north,124,large,north_large,15,10,1.5
2007-06-20,2007,6,north,124,small,north_small,37,10,3.7
2007-06-20,2007,6,north,128,large,north_large,191,10,19.1
2007-06-20,2007,6,north,128,small,north_small,668,10,66.8
2007-06-20,2007,6,north,DN,large,north_large,170,10,17
2007-06-20,2007,6,north,DN,small,north_small,963,10,96.3
2007-06-20,2007,6,south,23,large,south_large,0,10,0
2007-06-20,2007,6,south,23,small,south_small,2,10,0.2
2007-06-20,2007,6,south,27,large,south_large,0,10,0
2007-06-20,2007,6,south,27,small,south_small,7,10,0.7
2007-06-20,2007,6,south,41,large,south_large,5,10,0.5
2007-06-20,2007,6,south,41,small,south_small,5,10,0.5
2007-06-20,2007,6,south,44,large,south_large,0,10,0
2007-06-20,2007,6,south,44,small,south_small,5,10,0.5
2007-08-20,2007,8,south,135,large,south_large,94,10,9.4
2007-08-20,2007,8,south,135,small,south_small,403,10,40.3
2007-08-20,2007,8,north,124,large,north_large,1264,10,126.4
2007-08-20,2007,8,north,124,small,north_small,528,10,52.8
2007-08-20,2007,8,north,128,large,north_large,1637,10,163.7
2007-08-20,2007,8,north,128,small,north_small,746,10,74.6
2007-08-20,2007,8,north,DN,large,north_large,201,10,20.1
2007-08-20,2007,8,north,DN,small,north_small,722,10,72.2
2007-08-20,2007,8,south,23,large,south_large,71,10,7.1
2007-08-20,2007,8,south,23,small,south_small,1183,10,118.3
2007-08-20,2007,8,south,27,large,south_large,4,10,0.4
2007-08-20,2007,8,south,27,small,south_small,60,10,6
2007-08-20,2007,8,south,41,large,south_large,30,10,3
2007-08-20,2007,8,south,41,small,south_small,297,10,29.7
2007-08-20,2007,8,south,44,large,south_large,33,10,3.3
2007-08-20,2007,8,south,44,small,south_small,397,10,39.7
2008-06-20,2008,6,south,135,large,south_large,110,10,11
2008-06-20,2008,6,south,135,small,south_small,196,10,19.6
2008-06-20,2008,6,north,124,large,north_large,550,10,55
2008-06-20,2008,6,north,124,small,north_small,183,10,18.3
2008-06-20,2008,6,north,128,large,north_large,1118,10,111.8
2008-06-20,2008,6,north,128,small,north_small,952,10,95.2
2008-06-20,2008,6,north,DN,large,north_large,903,10,90.3
2008-06-20,2008,6,north,DN,small,north_small,1184,10,118.4
2008-06-20,2008,6,south,23,large,south_large,1,10,0.1
2008-06-20,2008,6,south,23,small,south_small,6,10,0.6
2008-06-20,2008,6,south,27,large,south_large,1,10,0.1
2008-06-20,2008,6,south,27,small,south_small,9,10,0.9
2008-06-20,2008,6,south,41,large,south_large,0,10,0
2008-06-20,2008,6,south,41,small,south_small,34,10,3.4
2008-06-20,2008,6,south,44,large,south_large,72,10,7.2
2008-06-20,2008,6,south,44,small,south_small,582,10,58.2
2008-08-20,2008,8,south,135,large,south_large,306,10,30.6
2008-08-20,2008,8,south,135,small,south_small,1034,10,103.4
2008-08-20,2008,8,north,124,large,north_large,171,10,17.1
2008-08-20,2008,8,north,124,small,north_small,86,10,8.6
2008-08-20,2008,8,north,128,large,north_large,433,10,43.3
2008-08-20,2008,8,north,128,small,north_small,946,10,94.6
2008-08-20,2008,8,north,DN,large,north_large,652,10,65.2
2008-08-20,2008,8,north,DN,small,north_small,900,10,90
2008-08-20,2008,8,south,23,large,south_large,1,10,0.1
2008-08-20,2008,8,south,23,small,south_small,9,10,0.9
2008-08-20,2008,8,south,27,large,south_large,9,10,0.9
2008-08-20,2008,8,south,27,small,south_small,108,10,10.8
2008-08-20,2008,8,south,41,large,south_large,6,10,0.6
2008-08-20,2008,8,south,41,small,south_small,18,10,1.8
2008-08-20,2008,8,south,44,large,south_large,9,10,0.9
2008-08-20,2008,8,south,44,small,south_small,1325,10,132.5
2009-06-20,2009,6,south,135,large,south_large,12,10,1.2
2009-06-20,2009,6,south,135,small,south_small,52,10,5.2
2009-06-20,2009,6,north,124,large,north_large,548,10,54.8
2009-06-20,2009,6,north,124,small,north_small,1288,10,128.8
2009-06-20,2009,6,north,128,large,north_large,1262,10,126.2
2009-06-20,2009,6,north,128,small,north_small,362,10,36.2
2009-06-20,2009,6,north,DN,large,north_large,550,10,55
2009-06-20,2009,6,north,DN,small,north_small,945,10,94.5
2009-06-20,2009,6,south,23,large,south_large,25,10,2.5
2009-06-20,2009,6,south,23,small,south_small,275,10,27.5
2009-06-20,2009,6,south,27,large,south_large,0,10,0
2009-06-20,2009,6,south,27,small,south_small,32,10,3.2
2009-06-20,2009,6,south,41,large,south_large,0,10,0
2009-06-20,2009,6,south,41,small,south_small,36,10,3.6
2009-06-20,2009,6,south,44,large,south_large,5,10,0.5
2009-06-20,2009,6,south,44,small,south_small,145.75,10,14.575
2009-08-20,2009,8,south,135,large,south_large,196,10,19.6
2009-08-20,2009,8,south,135,small,south_small,135.75,10,13.575
2009-08-20,2009,8,north,124,large,north_large,88,10,8.8
2009-08-20,2009,8,north,124,small,north_small,183,10,18.3
2009-08-20,2009,8,north,128,large,north_large,600,10,60
2009-08-20,2009,8,north,128,small,north_small,1090,10,109
2009-08-20,2009,8,north,DN,large,north_large,194,10,19.4
2009-08-20,2009,8,north,DN,small,north_small,613,10,61.3
2009-08-20,2009,8,south,23,large,south_large,0,10,0
2009-08-20,2009,8,south,23,small,south_small,14,10,1.4
2009-08-20,2009,8,south,27,large,south_large,10,10,1
2009-08-20,2009,8,south,27,small,south_small,9,10,0.9
2009-08-20,2009,8,south,41,large,south_large,32,10,3.2
2009-08-20,2009,8,south,41,small,south_small,69,10,6.9
2009-08-20,2009,8,south,44,large,south_large,16,10,1.6
2009-08-20,2009,8,south,44,small,south_small,22,10,2.2
2010-06-20,2010,6,south,135,large,south_large,49,10,4.9
2010-06-20,2010,6,south,135,small,south_small,16,10,1.6
2010-06-20,2010,6,north,124,large,north_large,631,10,63.1
2010-06-20,2010,6,north,124,small,north_small,1023,10,102.3
2010-06-20,2010,6,north,128,large,north_large,841,10,84.1
2010-06-20,2010,6,north,128,small,north_small,326,10,32.6
2010-06-20,2010,6,north,DN,large,north_large,691,10,69.1
2010-06-20,2010,6,north,DN,small,north_small,550,10,55
2010-06-20,2010,6,south,23,large,south_large,6,10,0.6
2010-06-20,2010,6,south,23,small,south_small,47,10,4.7
2010-06-20,2010,6,south,27,large,south_large,8,10,0.8
2010-06-20,2010,6,south,27,small,south_small,12,10,1.2
2010-06-20,2010,6,south,41,large,south_large,2,10,0.2
2010-06-20,2010,6,south,41,small,south_small,2,10,0.2
2010-06-20,2010,6,south,44,large,south_large,22,10,2.2
2010-06-20,2010,6,south,44,small,south_small,13,10,1.3
2010-08-20,2010,8,south,135,large,south_large,318,10,31.8
2010-08-20,2010,8,south,135,small,south_small,340,10,34
2010-08-20,2010,8,north,124,large,north_large,549,10,54.9
2010-08-20,2010,8,north,124,small,north_small,628,10,62.8
2010-08-20,2010,8,north,128,large,north_large,583,10,58.3
2010-08-20,2010,8,north,128,small,north_small,490,10,49
2010-08-20,2010,8,north,DN,large,north_large,443,10,44.3
2010-08-20,2010,8,north,DN,small,north_small,1266,10,126.6
2010-08-20,2010,8,south,23,large,south_large,31,10,3.1
2010-08-20,2010,8,south,23,small,south_small,58,10,5.8
2010-08-20,2010,8,south,27,large,south_large,37,10,3.7
2010-08-20,2010,8,south,27,small,south_small,82,10,8.2
2010-08-20,2010,8,south,41,large,south_large,14,10,1.4
2010-08-20,2010,8,south,41,small,south_small,26,10,2.6
2010-08-20,2010,8,south,44,large,south_large,85,10,8.5
2010-08-20,2010,8,south,44,small,south_small,395,10,39.5
2011-06-20,2011,6,south,135,large,south_large,312,10,31.2
2011-06-20,2011,6,south,135,small,south_small,389,10,38.9
2011-06-20,2011,6,north,124,large,north_large,1392,10,139.2
2011-06-20,2011,6,north,124,small,north_small,1796,10,179.6
2011-06-20,2011,6,north,128,large,north_large,1030.25,10,103.025
2011-06-20,2011,6,north,128,small,north_small,388.25,10,38.825
2011-06-20,2011,6,north,DN,large,north_large,1077,10,107.7
2011-06-20,2011,6,north,DN,small,north_small,679,10,67.9
2011-06-20,2011,6,south,23,large,south_large,398,10,39.8
2011-06-20,2011,6,south,23,small,south_small,858,10,85.8
2011-06-20,2011,6,south,27,large,south_large,512,10,51.2
2011-06-20,2011,6,south,27,small,south_small,536,10,53.6
2011-06-20,2011,6,south,41,large,south_large,332,10,33.2
2011-06-20,2011,6,south,41,small,south_small,1059,10,105.9
2011-06-20,2011,6,south,44,large,south_large,173,10,17.3
2011-06-20,2011,6,south,44,small,south_small,188,10,18.8
2011-08-20,2011,8,south,135,large,south_large,47,10,4.7
2011-08-20,2011,8,south,135,small,south_small,216,10,21.6
2011-08-20,2011,8,north,124,large,north_large,202,10,20.2
2011-08-20,2011,8,north,124,small,north_small,290,10,29
2011-08-20,2011,8,north,128,large,north_large,24,10,2.4
2011-08-20,2011,8,north,128,small,north_small,60,10,6
2011-08-20,2011,8,north,DN,large,north_large,255,10,25.5
2011-08-20,2011,8,north,DN,small,north_small,731,10,73.1
2011-08-20,2011,8,south,23,large,south_large,2,10,0.2
2011-08-20,2011,8,south,23,small,south_small,10,10,1
2011-08-20,2011,8,south,27,large,south_large,6,10,0.6
2011-08-20,2011,8,south,27,small,south_small,7,10,0.7
2011-08-20,2011,8,south,41,large,south_large,1,10,0.1
2011-08-20,2011,8,south,41,small,south_small,8,10,0.8
2011-08-20,2011,8,south,44,large,south_large,1,10,0.1
2011-08-20,2011,8,south,44,small,south_small,12,10,1.2
2012-06-20,2012,6,south,135,large,south_large,9,10,0.9
2012-06-20,2012,6,south,135,small,south_small,5,10,0.5
2012-06-20,2012,6,north,124,large,north_large,323,10,32.3
2012-06-20,2012,6,north,124,small,north_small,562,10,56.2
2012-06-20,2012,6,north,128,large,north_large,619,10,61.9
2012-06-20,2012,6,north,128,small,north_small,206,10,20.6
2012-06-20,2012,6,north,DN,large,north_large,437,10,43.7
2012-06-20,2012,6,north,DN,small,north_small,483,10,48.3
2012-06-20,2012,6,south,23,large,south_large,12,10,1.2
2012-06-20,2012,6,south,23,small,south_small,22,10,2.2
2012-06-20,2012,6,south,27,large,south_large,39,10,3.9
2012-06-20,2012,6,south,27,small,south_small,29,10,2.9
2012-06-20,2012,6,south,41,large,south_large,2,10,0.2
2012-06-20,2012,6,south,41,small,south_small,18,10,1.8
2012-06-20,2012,6,south,44,large,south_large,75,10,7.5
2012-06-20,2012,6,south,44,small,south_small,139,10,13.9
2012-08-20,2012,8,south,135,large,south_large,134,10,13.4
2012-08-20,2012,8,south,135,small,south_small,695,10,69.5
2012-08-20,2012,8,north,124,large,north_large,6,10,0.6
2012-08-20,2012,8,north,124,small,north_small,45,10,4.5
2012-08-20,2012,8,north,128,large,north_large,47,10,4.7
2012-08-20,2012,8,north,128,small,north_small,539,10,53.9
2012-08-20,2012,8,north,DN,large,north_large,304,10,30.4
2012-08-20,2012,8,north,DN,small,north_small,995,10,99.5
2012-08-20,2012,8,south,23,large,south_large,1,10,0.1
2012-08-20,2012,8,south,23,small,south_small,85,10,8.5
2012-08-20,2012,8,south,27,large,south_large,5,10,0.5
2012-08-20,2012,8,south,27,small,south_small,323,10,32.3
2012-08-20,2012,8,south,41,large,south_large,2,10,0.2
2012-08-20,2012,8,south,41,small,south_small,14,10,1.4
2012-08-20,2012,8,south,44,large,south_large,1,10,0.1
2012-08-20,2012,8,south,44,small,south_small,4,10,0.4
2013-06-20,2013,6,south,135,large,south_large,6,10,0.6
2013-06-20,2013,6,south,135,small,south_small,68,10,6.8
2013-06-20,2013,6,north,124,large,north_large,430,10,43
2013-06-20,2013,6,north,124,small,north_small,842,10,84.2
2013-06-20,2013,6,north,128,large,north_large,134,10,13.4
2013-06-20,2013,6,north,128,small,north_small,1491,10,149.1
2013-06-20,2013,6,north,DN,large,north_large,148,10,14.8
2013-06-20,2013,6,north,DN,small,north_small,1401,10,140.1
2013-06-20,2013,6,south,23,large,south_large,6,10,0.6
2013-06-20,2013,6,south,23,small,south_small,33,10,3.3
2013-06-20,2013,6,south,27,large,south_large,3,10,0.3
2013-06-20,2013,6,south,27,small,south_small,7,10,0.7
2013-06-20,2013,6,south,41,large,south_large,5,10,0.5
2013-06-20,2013,6,south,41,small,south_small,12,10,1.2
2013-06-20,2013,6,south,44,large,south_large,7,10,0.7
2013-06-20,2013,6,south,44,small,south_small,32,10,3.2
2013-08-20,2013,8,south,135,large,south_large,264,10,26.4
2013-08-20,2013,8,south,135,small,south_small,770,10,77
2013-08-20,2013,8,north,124,large,north_large,2,10,0.2
2013-08-20,2013,8,north,124,small,north_small,18,10,1.8
2013-08-20,2013,8,north,128,large,north_large,395,10,39.5
2013-08-20,2013,8,north,128,small,north_small,615,10,61.5
2013-08-20,2013,8,north,DN,large,north_large,357,10,35.7
2013-08-20,2013,8,north,DN,small,north_small,762,10,76.2
2013-08-20,2013,8,south,23,large,south_large,10,10,1
2013-08-20,2013,8,south,23,small,south_small,22,10,2.2
2013-08-20,2013,8,south,27,large,south_large,7,10,0.7
2013-08-20,2013,8,south,27,small,south_small,70,10,7
2013-08-20,2013,8,south,41,large,south_large,1,10,0.1
2013-08-20,2013,8,south,41,small,south_small,6,10,0.6
2013-08-20,2013,8,south,44,large,south_large,49,10,4.9
2013-08-20,2013,8,south,44,small,south_small,141,10,14.1
2014-06-20,2014,6,south,135,large,south_large,1,10,0.1
2014-06-20,2014,6,south,135,small,south_small,3,10,0.3
2014-06-20,2014,6,north,124,large,north_large,0,10,0
2014-06-20,2014,6,north,124,small,north_small,1,10,0.1
2014-06-20,2014,6,north,128,large,north_large,44,10,4.4
2014-06-20,2014,6,north,128,small,north_small,162,10,16.2
2014-06-20,2014,6,north,DN,large,north_large,217,10,21.7
2014-06-20,2014,6,north,DN,small,north_small,628,10,62.8
2014-06-20,2014,6,south,23,large,south_large,0,10,0
2014-06-20,2014,6,south,23,small,south_small,4,10,0.4
2014-06-20,2014,6,south,27,large,south_large,1,10,0.1
2014-06-20,2014,6,south,27,small,south_small,10,10,1
2014-06-20,2014,6,south,41,large,south_large,0,10,0
2014-06-20,2014,6,south,41,small,south_small,3,10,0.3
2014-06-20,2014,6,south,44,large,south_large,0,10,0
2014-06-20,2014,6,south,44,small,south_small,2,10,0.2
2014-08-20,2014,8,south,135,large,south_large,41,10,4.1
2014-08-20,2014,8,south,135,small,south_small,413,10,41.3
2014-08-20,2014,8,north,124,large,north_large,8,10,0.8
2014-08-20,2014,8,north,124,small,north_small,151,10,15.1
2014-08-20,2014,8,north,128,large,north_large,15,10,1.5
2014-08-20,2014,8,north,128,small,north_small,414,10,41.4
2014-08-20,2014,8,north,DN,large,north_large,138,10,13.8
2014-08-20,2014,8,north,DN,small,north_small,1004,10,100.4
2014-08-20,2014,8,south,23,large,south_large,5,10,0.5
2014-08-20,2014,8,south,23,small,south_small,121,10,12.1
2014-08-20,2014,8,south,27,large,south_large,1,10,0.1
2014-08-20,2014,8,south,27,small,south_small,63,10,6.3
2014-08-20,2014,8,south,41,large,south_large,0,10,0
2014-08-20,2014,8,south,41,small,south_small,10,10,1
2014-08-20,2014,8,south,44,large,south_large,67,10,6.7
2014-08-20,2014,8,south,44,small,south_small,301,10,30.1
2015-06-20,2015,6,south,135,large,south_large,13,10,1.3
2015-06-20,2015,6,south,135,small,south_small,161,10,16.1
2015-06-20,2015,6,north,124,large,north_large,373,10,37.3
2015-06-20,2015,6,north,124,small,north_small,2232,10,223.2
2015-06-20,2015,6,north,128,large,north_large,258,10,25.8
2015-06-20,2015,6,north,128,small,north_small,1444,10,144.4
2015-06-20,2015,6,north,DN,large,north_large,57,10,5.7
2015-06-20,2015,6,north,DN,small,north_small,662,10,66.2
2015-06-20,2015,6,south,23,large,south_large,1,10,0.1
2015-06-20,2015,6,south,23,small,south_small,109,10,10.9
2015-06-20,2015,6,south,27,large,south_large,13,10,1.3
2015-06-20,2015,6,south,27,small,south_small,248,10,24.8
2015-06-20,2015,6,south,41,large,south_large,44,10,4.4
2015-06-20,2015,6,south,41,small,south_small,1329,10,132.9
2015-06-20,2015,6,south,44,large,south_large,55,10,5.5
2015-06-20,2015,6,south,44,small,south_small,2117,10,211.7
2015-08-20,2015,8,south,135,large,south_large,0,10,0
2015-08-20,2015,8,south,135,small,south_small,4,10,0.4
2015-08-20,2015,8,north,124,large,north_large,0,10,0
2015-08-20,2015,8,north,124,small,north_small,2,10,0.2
2015-08-20,2015,8,north,128,large,north_large,3,10,0.3
2015-08-20,2015,8,north,128,small,north_small,36,10,3.6
2015-08-20,2015,8,north,DN,large,north_large,12,10,1.2
2015-08-20,2015,8,north,DN,small,north_small,154,10,15.4
2015-08-20,2015,8,south,23,large,south_large,7,10,0.7
2015-08-20,2015,8,south,23,small,south_small,14,10,1.4
2015-08-20,2015,8,south,27,large,south_large,12,10,1.2
2015-08-20,2015,8,south,27,small,south_small,2,10,0.2
2015-08-20,2015,8,south,41,large,south_large,15,10,1.5
2015-08-20,2015,8,south,41,small,south_small,24,10,2.4
2015-08-20,2015,8,south,44,large,south_large,21,10,2.1
2015-08-20,2015,8,south,44,small,south_small,13,10,1.3
2016-06-20,2016,6,south,135,large,south_large,1,10,0.1
2016-06-20,2016,6,south,135,small,south_small,3,10,0.3
2016-06-20,2016,6,north,124,large,north_large,0,10,0
2016-06-20,2016,6,north,124,small,north_small,4,10,0.4
2016-06-20,2016,6,north,128,large,north_large,5,10,0.5
2016-06-20,2016,6,north,128,small,north_small,8,10,0.8
2016-06-20,2016,6,north,DN,large,north_large,3,10,0.3
2016-06-20,2016,6,north,DN,small,north_small,17,10,1.7
2016-06-20,2016,6,south,23,large,south_large,1,10,0.1
2016-06-20,2016,6,south,23,small,south_small,0,10,0
2016-06-20,2016,6,south,27,large,south_large,1,10,0.1
2016-06-20,2016,6,south,27,small,south_small,0,10,0
2016-06-20,2016,6,south,41,large,south_large,0,10,0
2016-06-20,2016,6,south,41,small,south_small,1,10,0.1
2016-06-20,2016,6,south,44,large,south_large,1,10,0.1
2016-06-20,2016,6,south,44,small,south_small,0,10,0
2017-06-20,2017,6,south,135,large,south_large,2,10,0.2
2017-06-20,2017,6,south,135,small,south_small,14,10,1.4
2017-06-20,2017,6,north,124,large,north_large,2,10,0.2
2017-06-20,2017,6,north,124,small,north_small,25,10,2.5
2017-06-20,2017,6,north,128,large,north_large,21,10,2.1
2017-06-20,2017,6,north,128,small,north_small,136,10,13.6
2017-06-20,2017,6,north,DN,large,north_large,8,10,0.8
2017-06-20,2017,6,north,DN,small,north_small,165.75,10,16.575
2017-06-20,2017,6,south,23,large,south_large,4,10,0.4
2017-06-20,2017,6,south,23,small,south_small,11,10,1.1
2017-06-20,2017,6,south,27,large,south_large,7,10,0.7
2017-06-20,2017,6,south,27,small,south_small,24,10,2.4
2017-06-20,2017,6,south,41,large,south_large,0,10,0
2017-06-20,2017,6,south,41,small,south_small,4,10,0.4
2017-06-20,2017,6,south,44,large,south_large,6,10,0.6
2017-06-20,2017,6,south,44,small,south_small,29,10,2.9
2017-08-20,2017,8,south,135,large,south_large,4,10,0.4
2017-08-20,2017,8,south,135,small,south_small,60,10,6
2017-08-20,2017,8,north,124,large,north_large,0,10,0
2017-08-20,2017,8,north,124,small,north_small,6,10,0.6
2017-08-20,2017,8,north,128,large,north_large,238,10,23.8
2017-08-20,2017,8,north,128,small,north_small,734,10,73.4
2017-08-20,2017,8,north,DN,large,north_large,144,10,14.4
2017-08-20,2017,8,north,DN,small,north_small,764,10,76.4
2017-08-20,2017,8,south,23,large,south_large,8,10,0.8
2017-08-20,2017,8,south,23,small,south_small,6,10,0.6
2017-08-20,2017,8,south,27,large,south_large,15,10,1.5
2017-08-20,2017,8,south,27,small,south_small,7,10,0.7
2017-08-20,2017,8,south,41,large,south_large,5,10,0.5
2017-08-20,2017,8,south,41,small,south_small,5,10,0.5
2017-08-20,2017,8,south,44,large,south_large,27,10,2.7
2017-08-20,2017,8,south,44,small,south_small,54,10,5.4
2018-06-20,2018,6,south,135,large,south_large,28,10,2.8
2018-06-20,2018,6,south,135,small,south_small,267,10,26.7
2018-06-20,2018,6,north,124,large,north_large,38,10,3.8
2018-06-20,2018,6,north,124,small,north_small,32,10,3.2
2018-06-20,2018,6,north,128,large,north_large,574,10,57.4
2018-06-20,2018,6,north,128,small,north_small,1746,10,174.6
2018-06-20,2018,6,north,DN,large,north_large,485,10,48.5
2018-06-20,2018,6,north,DN,small,north_small,2917,10,291.7
2018-06-20,2018,6,south,23,large,south_large,3,10,0.3
2018-06-20,2018,6,south,23,small,south_small,0,10,0
2018-06-20,2018,6,south,27,large,south_large,12,10,1.2
2018-06-20,2018,6,south,27,small,south_small,13,10,1.3
2018-06-20,2018,6,south,41,large,south_large,5,10,0.5
2018-06-20,2018,6,south,41,small,south_small,1,10,0.1
2018-06-20,2018,6,south,44,large,south_large,16,10,1.6
2018-06-20,2018,6,south,44,small,south_small,3,10,0.3
2018-08-20,2018,8,south,135,large,south_large,945,10,94.5
2018-08-20,2018,8,south,135,small,south_small,613,10,61.3
2018-08-20,2018,8,north,124,large,north_large,376,10,37.6
2018-08-20,2018,8,north,124,small,north_small,1448,10,144.8
2018-08-20,2018,8,north,128,large,north_large,728,10,72.8
2018-08-20,2018,8,north,128,small,north_small,140,10,14
2018-08-20,2018,8,north,DN,large,north_large,1268,10,126.8
2018-08-20,2018,8,north,DN,small,north_small,419,10,41.9
2018-08-20,2018,8,south,23,large,south_large,2,10,0.2
2018-08-20,2018,8,south,23,small,south_small,1,10,0.1
2018-08-20,2018,8,south,27,large,south_large,5,10,0.5
2018-08-20,2018,8,south,27,small,south_small,25,10,2.5
2018-08-20,2018,8,south,41,large,south_large,3,10,0.3
2018-08-20,2018,8,south,41,small,south_small,17,10,1.7
2018-08-20,2018,8,south,44,large,south_large,1,10,0.1
2018-08-20,2018,8,south,44,small,south_small,8,10,0.8
2019-06-20,2019,6,south,135,large,south_large,1103,10,110.3
2019-06-20,2019,6,south,135,small,south_small,449,10,44.9
2019-06-20,2019,6,north,124,large,north_large,707,10,70.7
2019-06-20,2019,6,north,124,small,north_small,180,10,18
2019-06-20,2019,6,north,128,large,north_large,1374,10,137.4
2019-06-20,2019,6,north,128,small,north_small,394,10,39.4
2019-06-20,2019,6,north,DN,large,north_large,783,10,78.3
2019-06-20,2019,6,north,DN,small,north_small,220,10,22
2019-06-20,2019,6,south,23,large,south_large,0,10,0
2019-06-20,2019,6,south,23,small,south_small,2,10,0.2
2019-06-20,2019,6,south,27,large,south_large,1,10,0.1
2019-06-20,2019,6,south,27,small,south_small,5,10,0.5
2019-06-20,2019,6,south,41,large,south_large,7,10,0.7
2019-06-20,2019,6,south,41,small,south_small,1,10,0.1
2019-06-20,2019,6,south,44,large,south_large,18,10,1.8
2019-06-20,2019,6,south,44,small,south_small,16,10,1.6
2019-08-20,2019,8,south,135,large,south_large,3900,10,390
2019-08-20,2019,8,south,135,small,south_small,166,10,16.6
2019-08-20,2019,8,north,124,large,north_large,69,10,6.9
2019-08-20,2019,8,north,124,small,north_small,80,10,8
2019-08-20,2019,8,north,128,large,north_large,301,10,30.1
2019-08-20,2019,8,north,128,small,north_small,458,10,45.8
2019-08-20,2019,8,north,DN,large,north_large,914,10,91.4
2019-08-20,2019,8,north,DN,small,north_small,684,10,68.4
2019-08-20,2019,8,south,23,large,south_large,0,10,0
2019-08-20,2019,8,south,23,small,south_small,0,10,0
2019-08-20,2019,8,south,27,large,south_large,3,10,0.3
2019-08-20,2019,8,south,27,small,south_small,9,10,0.9
2019-08-20,2019,8,south,41,large,south_large,0,10,0
2019-08-20,2019,8,south,41,small,south_small,15,10,1.5
2019-08-20,2019,8,south,44,large,south_large,2,10,0.2
2019-08-20,2019,8,south,44,small,south_small,112,10,11.2
2020-06-20,2020,6,south,135,large,south_large,1315,10,131.5
2020-06-20,2020,6,south,135,small,south_small,267,10,26.7
2020-06-20,2020,6,north,124,large,north_large,749,10,74.9
2020-06-20,2020,6,north,124,small,north_small,1239,10,123.9
2020-06-20,2020,6,north,128,large,north_large,1026,10,102.6
2020-06-20,2020,6,north,128,small,north_small,506,10,50.6
2020-06-20,2020,6,north,DN,large,north_large,526,10,52.6
2020-06-20,2020,6,north,DN,small,north_small,186,10,18.6
2020-06-20,2020,6,south,23,large,south_large,19,10,1.9
2020-06-20,2020,6,south,23,small,south_small,26,10,2.6
2020-06-20,2020,6,south,27,large,south_large,74,10,7.4
2020-06-20,2020,6,south,27,small,south_small,6,10,0.6
2020-06-20,2020,6,south,41,large,south_large,51,10,5.1
2020-06-20,2020,6,south,41,small,south_small,31,10,3.1
2020-06-20,2020,6,south,44,large,south_large,45,10,4.5
2020-06-20,2020,6,south,44,small,south_small,13,10,1.3
2020-08-20,2020,8,south,135,large,south_large,491,10,49.1
2020-08-20,2020,8,south,135,small,south_small,1235,10,123.5
2020-08-20,2020,8,north,124,large,north_large,1283,10,128.3
2020-08-20,2020,8,north,124,small,north_small,827,10,82.7
2020-08-20,2020,8,north,128,large,north_large,106,10,10.6
2020-08-20,2020,8,north,128,small,north_small,518,10,51.8
2020-08-20,2020,8,north,DN,large,north_large,428,10,42.8
2020-08-20,2020,8,north,DN,small,north_small,1073,10,107.3
2020-08-20,2020,8,south,23,large,south_large,6,10,0.6
2020-08-20,2020,8,south,23,small,south_small,118,10,11.8
2020-08-20,2020,8,south,27,large,south_large,18,10,1.8
2020-08-20,2020,8,south,27,small,south_small,204,10,20.4
2020-08-20,2020,8,south,41,large,south_large,28,10,2.8
2020-08-20,2020,8,south,41,small,south_small,76,10,7.6
2020-08-20,2020,8,south,44,large,south_large,4,10,0.4
2020-08-20,2020,8,south,44,small,south_small,111,10,11.1
2016-08-20,2016,8,south,23,small,south_small,NA,NA,4.4
2016-08-20,2016,8,south,27,small,south_small,NA,NA,5.6
2016-08-20,2016,8,south,41,small,south_small,NA,NA,6.6
2016-08-20,2016,8,south,44,small,south_small,NA,NA,3.2
2016-08-20,2016,8,south,135,small,south_small,NA,NA,0
2016-08-20,2016,8,north,DN,small,north_small,NA,NA,61.2
2016-08-20,2016,8,north,128,small,north_small,NA,NA,33.6
2016-08-20,2016,8,north,124,small,north_small,NA,NA,0.2
2016-08-20,2016,8,south,23,large,south_large,NA,NA,0
2016-08-20,2016,8,south,27,large,south_large,NA,NA,0.6
2016-08-20,2016,8,south,41,large,south_large,NA,NA,0.2
2016-08-20,2016,8,south,44,large,south_large,NA,NA,0.2
2016-08-20,2016,8,south,135,large,south_large,NA,NA,0
2016-08-20,2016,8,north,DN,large,north_large,NA,NA,8.6
2016-08-20,2016,8,north,128,large,north_large,NA,NA,7.6
2016-08-20,2016,8,north,124,large,north_large,NA,NA,0
